{
	"generator_info": "Shape definitions generated with PhysicsEditor. Visit https://www.codeandweb.com/physicseditor",
	"crack": {
		"type": "fromPhysicsEditor",
		"label": "crack",
		"isStatic": false,
		"density": 0.10000000149011612,
		"restitution": 0,
		"friction": 0.10000000149011612,
		"frictionAir": 0.009999999776482582,
		"frictionStatic": 0.5,
		"collisionFilter": {
			"group": 0,
			"category": 1,
			"mask": 255
		},
		"fixtures": [
			{
				"label": "",
				"isSensor": false,
				"vertices": [
					[ { "x":24, "y":1 }, { "x":21, "y":2 }, { "x":21, "y":5 }, { "x":23, "y":4 } ],
					[ { "x":24, "y":28 }, { "x":25, "y":26 }, { "x":26, "y":23 }, { "x":26, "y":21 }, { "x":22, "y":22 }, { "x":22, "y":27 } ],
					[ { "x":2, "y":9 }, { "x":0, "y":10 }, { "x":0, "y":16 }, { "x":4, "y":17 }, { "x":3, "y":12 } ],
					[ { "x":2, "y":24 }, { "x":3, "y":31 }, { "x":5, "y":28 }, { "x":7, "y":24 } ],
					[ { "x":29, "y":9 }, { "x":26, "y":9 }, { "x":26, "y":21 }, { "x":29, "y":13 } ],
					[ { "x":29, "y":32 }, { "x":29, "y":29 }, { "x":27, "y":28 }, { "x":27, "y":32 } ],
					[ { "x":5, "y":31 }, { "x":5, "y":28 }, { "x":3, "y":31 } ],
					[ { "x":30, "y":20 }, { "x":31, "y":15 }, { "x":29, "y":13 }, { "x":26, "y":21 } ],
					[ { "x":15, "y":2 }, { "x":13, "y":2 }, { "x":8, "y":7 }, { "x":5, "y":11 }, { "x":4, "y":17 }, { "x":7, "y":22 }, { "x":14, "y":6 } ],
					[ { "x":23, "y":4 }, { "x":21, "y":5 }, { "x":18, "y":7 }, { "x":7, "y":22 }, { "x":22, "y":22 }, { "x":26, "y":21 }, { "x":26, "y":9 }, { "x":25, "y":5 } ],
					[ { "x":32, "y":29 }, { "x":30, "y":28 }, { "x":27, "y":28 }, { "x":29, "y":29 } ],
					[ { "x":30, "y":28 }, { "x":30, "y":25 }, { "x":28, "y":23 }, { "x":26, "y":23 }, { "x":25, "y":26 }, { "x":27, "y":28 } ],
					[ { "x":4, "y":20 }, { "x":7, "y":22 }, { "x":4, "y":17 } ],
					[ { "x":6, "y":0 }, { "x":4, "y":5 }, { "x":5, "y":11 }, { "x":6, "y":6 } ],
					[ { "x":3, "y":12 }, { "x":4, "y":17 }, { "x":5, "y":11 } ],
					[ { "x":6, "y":6 }, { "x":5, "y":11 }, { "x":8, "y":7 } ],
					[ { "x":10, "y":28 }, { "x":11, "y":26 }, { "x":7, "y":24 }, { "x":5, "y":28 } ],
					[ { "x":14, "y":6 }, { "x":7, "y":22 }, { "x":18, "y":7 } ],
					[ { "x":21, "y":24 }, { "x":22, "y":22 }, { "x":7, "y":22 }, { "x":7, "y":24 }, { "x":11, "y":26 } ]
				]
			}
		]
	},
	"CookAnimation": {
		"type": "fromPhysicsEditor",
		"label": "CookAnimation",
		"isStatic": false,
		"density": 0.10000000149011612,
		"restitution": 0,
		"friction": 0.10000000149011612,
		"frictionAir": 0.009999999776482582,
		"frictionStatic": 0.5,
		"collisionFilter": {
			"group": 0,
			"category": 1,
			"mask": 255
		},
		"fixtures": [
			{
				"label": "",
				"isSensor": false,
				"vertices": [
					[ { "x":234, "y":0 }, { "x":232, "y":0 }, { "x":233, "y":1 } ],
					[ { "x":228, "y":20 }, { "x":228, "y":17 }, { "x":224, "y":22 } ],
					[ { "x":208, "y":62 }, { "x":223, "y":60 }, { "x":225, "y":58 }, { "x":225, "y":53 }, { "x":204, "y":56 } ],
					[ { "x":228, "y":30 }, { "x":225, "y":28 }, { "x":192, "y":52 }, { "x":227, "y":38 } ],
					[ { "x":187, "y":21 }, { "x":191, "y":22 }, { "x":232, "y":11 }, { "x":228, "y":5 }, { "x":224, "y":3 }, { "x":198, "y":3 }, { "x":192, "y":5 }, { "x":187, "y":10 } ],
					[ { "x":229, "y":49 }, { "x":229, "y":40 }, { "x":227, "y":38 }, { "x":192, "y":52 }, { "x":204, "y":56 }, { "x":225, "y":53 } ],
					[ { "x":188, "y":30 }, { "x":188, "y":35 }, { "x":190, "y":38 }, { "x":191, "y":25 } ],
					[ { "x":190, "y":49 }, { "x":192, "y":50 }, { "x":224, "y":22 }, { "x":228, "y":17 }, { "x":232, "y":11 }, { "x":191, "y":25 }, { "x":190, "y":38 } ],
					[ { "x":232, "y":0 }, { "x":232, "y":14 }, { "x":233, "y":22 }, { "x":233, "y":1 } ],
					[ { "x":191, "y":22 }, { "x":191, "y":25 }, { "x":232, "y":11 } ],
					[ { "x":225, "y":28 }, { "x":224, "y":22 }, { "x":192, "y":50 }, { "x":192, "y":52 } ],
					[ { "x":228, "y":17 }, { "x":232, "y":14 }, { "x":232, "y":11 } ]
				]
			},
			{
				"label": "",
				"isSensor": false,
				"vertices": [
					[ { "x":174, "y":0 }, { "x":172, "y":0 }, { "x":173, "y":1 } ],
					[ { "x":168, "y":20 }, { "x":168, "y":17 }, { "x":164, "y":22 } ],
					[ { "x":148, "y":62 }, { "x":163, "y":60 }, { "x":165, "y":58 }, { "x":165, "y":53 }, { "x":144, "y":56 } ],
					[ { "x":168, "y":30 }, { "x":165, "y":28 }, { "x":132, "y":52 }, { "x":167, "y":38 } ],
					[ { "x":127, "y":21 }, { "x":131, "y":22 }, { "x":172, "y":11 }, { "x":168, "y":5 }, { "x":164, "y":3 }, { "x":138, "y":3 }, { "x":132, "y":5 }, { "x":127, "y":10 } ],
					[ { "x":169, "y":49 }, { "x":169, "y":40 }, { "x":167, "y":38 }, { "x":132, "y":52 }, { "x":144, "y":56 }, { "x":165, "y":53 } ],
					[ { "x":128, "y":30 }, { "x":128, "y":35 }, { "x":130, "y":38 }, { "x":131, "y":25 } ],
					[ { "x":130, "y":49 }, { "x":132, "y":50 }, { "x":164, "y":22 }, { "x":168, "y":17 }, { "x":172, "y":11 }, { "x":131, "y":25 }, { "x":130, "y":38 } ],
					[ { "x":172, "y":0 }, { "x":172, "y":14 }, { "x":173, "y":22 }, { "x":173, "y":1 } ],
					[ { "x":131, "y":22 }, { "x":131, "y":25 }, { "x":172, "y":11 } ],
					[ { "x":165, "y":28 }, { "x":164, "y":22 }, { "x":132, "y":50 }, { "x":132, "y":52 } ],
					[ { "x":168, "y":17 }, { "x":172, "y":14 }, { "x":172, "y":11 } ]
				]
			},
			{
				"label": "",
				"isSensor": false,
				"vertices": [
					[ { "x":75, "y":54 }, { "x":77, "y":54 }, { "x":74, "y":52 } ],
					[ { "x":88, "y":61 }, { "x":89, "y":56 }, { "x":77, "y":54 }, { "x":77, "y":59 }, { "x":80, "y":61 } ],
					[ { "x":115, "y":38 }, { "x":106, "y":34 }, { "x":106, "y":51 }, { "x":117, "y":46 } ],
					[ { "x":119, "y":52 }, { "x":119, "y":47 }, { "x":117, "y":46 }, { "x":106, "y":51 }, { "x":108, "y":53 } ],
					[ { "x":63, "y":13 }, { "x":63, "y":18 }, { "x":67, "y":22 }, { "x":70, "y":22 }, { "x":66, "y":11 } ],
					[ { "x":105, "y":20 }, { "x":105, "y":16 }, { "x":100, "y":6 }, { "x":70, "y":22 }, { "x":70, "y":26 }, { "x":103, "y":21 } ],
					[ { "x":91, "y":59 }, { "x":93, "y":61 }, { "x":99, "y":61 }, { "x":102, "y":58 }, { "x":102, "y":53 }, { "x":91, "y":56 } ],
					[ { "x":70, "y":4 }, { "x":66, "y":8 }, { "x":66, "y":11 }, { "x":70, "y":22 }, { "x":100, "y":6 }, { "x":87, "y":4 } ],
					[ { "x":109, "y":13 }, { "x":109, "y":10 }, { "x":108, "y":8 }, { "x":100, "y":6 }, { "x":105, "y":16 } ],
					[ { "x":64, "y":36 }, { "x":61, "y":40 }, { "x":61, "y":50 }, { "x":63, "y":53 }, { "x":74, "y":52 }, { "x":68, "y":35 } ],
					[ { "x":106, "y":27 }, { "x":103, "y":23 }, { "x":89, "y":56 }, { "x":91, "y":56 }, { "x":102, "y":53 }, { "x":106, "y":34 } ],
					[ { "x":97, "y":3 }, { "x":87, "y":4 }, { "x":100, "y":6 } ],
					[ { "x":78, "y":2 }, { "x":75, "y":4 }, { "x":87, "y":4 }, { "x":83, "y":2 } ],
					[ { "x":68, "y":29 }, { "x":68, "y":35 }, { "x":74, "y":52 }, { "x":77, "y":54 }, { "x":89, "y":56 }, { "x":103, "y":23 }, { "x":103, "y":21 }, { "x":70, "y":26 } ],
					[ { "x":106, "y":51 }, { "x":106, "y":34 }, { "x":102, "y":53 } ]
				]
			},
			{
				"label": "",
				"isSensor": false,
				"vertices": [
					[ { "x":12, "y":55 }, { "x":15, "y":58 }, { "x":21, "y":58 }, { "x":24, "y":55 }, { "x":13, "y":50 } ],
					[ { "x":48, "y":19 }, { "x":48, "y":16 }, { "x":12, "y":22 }, { "x":9, "y":34 }, { "x":44, "y":21 } ],
					[ { "x":3, "y":37 }, { "x":2, "y":42 }, { "x":13, "y":50 }, { "x":47, "y":34 }, { "x":44, "y":21 }, { "x":9, "y":34 } ],
					[ { "x":39, "y":59 }, { "x":44, "y":59 }, { "x":46, "y":57 }, { "x":45, "y":51 }, { "x":35, "y":55 } ],
					[ { "x":59, "y":52 }, { "x":60, "y":49 }, { "x":56, "y":38 }, { "x":50, "y":34 }, { "x":47, "y":34 }, { "x":48, "y":50 }, { "x":49, "y":52 }, { "x":53, "y":53 } ],
					[ { "x":2, "y":52 }, { "x":6, "y":53 }, { "x":11, "y":52 }, { "x":13, "y":50 }, { "x":2, "y":42 }, { "x":0, "y":43 }, { "x":0, "y":49 } ],
					[ { "x":52, "y":13 }, { "x":52, "y":10 }, { "x":48, "y":4 }, { "x":44, "y":2 }, { "x":19, "y":2 }, { "x":11, "y":5 }, { "x":12, "y":22 }, { "x":48, "y":16 } ],
					[ { "x":9, "y":21 }, { "x":12, "y":22 }, { "x":11, "y":5 }, { "x":8, "y":8 }, { "x":7, "y":18 } ],
					[ { "x":9, "y":27 }, { "x":9, "y":34 }, { "x":12, "y":22 } ],
					[ { "x":47, "y":27 }, { "x":44, "y":21 }, { "x":47, "y":34 } ],
					[ { "x":24, "y":55 }, { "x":35, "y":55 }, { "x":45, "y":51 }, { "x":47, "y":34 }, { "x":13, "y":50 } ],
					[ { "x":48, "y":50 }, { "x":47, "y":34 }, { "x":45, "y":51 } ]
				]
			},
			{
				"label": "",
				"isSensor": false,
				"vertices": [
					[ { "x":26, "y":124 }, { "x":34, "y":124 }, { "x":39, "y":120 }, { "x":26, "y":118 } ],
					[ { "x":51, "y":84 }, { "x":52, "y":78 }, { "x":51, "y":72 }, { "x":47, "y":68 }, { "x":44, "y":68 }, { "x":47, "y":85 } ],
					[ { "x":8, "y":78 }, { "x":11, "y":79 }, { "x":28, "y":67 }, { "x":17, "y":65 }, { "x":12, "y":67 }, { "x":7, "y":73 } ],
					[ { "x":11, "y":93 }, { "x":12, "y":100 }, { "x":39, "y":120 }, { "x":14, "y":91 } ],
					[ { "x":11, "y":82 }, { "x":15, "y":85 }, { "x":28, "y":67 }, { "x":11, "y":79 } ],
					[ { "x":11, "y":120 }, { "x":13, "y":122 }, { "x":21, "y":122 }, { "x":26, "y":118 }, { "x":13, "y":114 } ],
					[ { "x":47, "y":113 }, { "x":49, "y":108 }, { "x":48, "y":100 }, { "x":39, "y":117 } ],
					[ { "x":10, "y":111 }, { "x":13, "y":114 }, { "x":26, "y":118 }, { "x":39, "y":120 }, { "x":12, "y":100 }, { "x":10, "y":102 } ],
					[ { "x":50, "y":91 }, { "x":47, "y":85 }, { "x":48, "y":100 }, { "x":50, "y":98 } ],
					[ { "x":48, "y":100 }, { "x":47, "y":85 }, { "x":44, "y":68 }, { "x":31, "y":66 }, { "x":28, "y":67 }, { "x":39, "y":117 } ],
					[ { "x":42, "y":66 }, { "x":31, "y":66 }, { "x":44, "y":68 } ],
					[ { "x":15, "y":85 }, { "x":14, "y":91 }, { "x":39, "y":120 }, { "x":39, "y":117 }, { "x":28, "y":67 } ]
				]
			},
			{
				"label": "",
				"isSensor": false,
				"vertices": [
					[ { "x":59, "y":114 }, { "x":68, "y":115 }, { "x":72, "y":113 }, { "x":61, "y":107 }, { "x":59, "y":108 } ],
					[ { "x":73, "y":115 }, { "x":75, "y":115 }, { "x":107, "y":88 }, { "x":107, "y":84 }, { "x":90, "y":66 }, { "x":74, "y":86 }, { "x":71, "y":97 }, { "x":72, "y":113 } ],
					[ { "x":69, "y":76 }, { "x":72, "y":78 }, { "x":77, "y":69 }, { "x":72, "y":69 }, { "x":69, "y":71 } ],
					[ { "x":114, "y":75 }, { "x":111, "y":73 }, { "x":110, "y":84 }, { "x":114, "y":80 } ],
					[ { "x":88, "y":121 }, { "x":90, "y":123 }, { "x":97, "y":123 }, { "x":100, "y":120 }, { "x":101, "y":115 }, { "x":88, "y":118 } ],
					[ { "x":62, "y":101 }, { "x":61, "y":107 }, { "x":72, "y":113 }, { "x":71, "y":97 }, { "x":68, "y":97 } ],
					[ { "x":85, "y":122 }, { "x":88, "y":118 }, { "x":75, "y":115 }, { "x":76, "y":121 }, { "x":79, "y":123 } ],
					[ { "x":77, "y":67 }, { "x":77, "y":69 }, { "x":90, "y":66 }, { "x":80, "y":65 } ],
					[ { "x":72, "y":78 }, { "x":74, "y":86 }, { "x":90, "y":66 }, { "x":77, "y":69 } ],
					[ { "x":110, "y":69 }, { "x":106, "y":66 }, { "x":98, "y":64 }, { "x":90, "y":66 }, { "x":107, "y":84 }, { "x":110, "y":84 }, { "x":111, "y":73 } ],
					[ { "x":71, "y":90 }, { "x":71, "y":97 }, { "x":74, "y":86 } ],
					[ { "x":113, "y":115 }, { "x":116, "y":111 }, { "x":116, "y":102 }, { "x":114, "y":99 }, { "x":109, "y":97 }, { "x":101, "y":115 } ],
					[ { "x":101, "y":115 }, { "x":109, "y":97 }, { "x":109, "y":90 }, { "x":107, "y":88 }, { "x":75, "y":115 }, { "x":88, "y":118 } ]
				]
			},
			{
				"label": "",
				"isSensor": false,
				"vertices": [
					[ { "x":118, "y":113 }, { "x":132, "y":113 }, { "x":130, "y":96 }, { "x":123, "y":98 }, { "x":120, "y":101 } ],
					[ { "x":125, "y":76 }, { "x":128, "y":77 }, { "x":164, "y":84 }, { "x":157, "y":64 }, { "x":133, "y":64 }, { "x":129, "y":66 }, { "x":125, "y":71 } ],
					[ { "x":177, "y":105 }, { "x":174, "y":102 }, { "x":167, "y":96 }, { "x":164, "y":112 }, { "x":166, "y":114 }, { "x":174, "y":114 }, { "x":177, "y":110 } ],
					[ { "x":164, "y":118 }, { "x":164, "y":112 }, { "x":153, "y":117 }, { "x":156, "y":120 }, { "x":161, "y":120 } ],
					[ { "x":168, "y":83 }, { "x":170, "y":80 }, { "x":169, "y":71 }, { "x":164, "y":66 }, { "x":157, "y":64 }, { "x":164, "y":84 } ],
					[ { "x":174, "y":99 }, { "x":167, "y":96 }, { "x":174, "y":102 } ],
					[ { "x":140, "y":120 }, { "x":142, "y":117 }, { "x":130, "y":96 }, { "x":133, "y":121 } ],
					[ { "x":131, "y":120 }, { "x":133, "y":121 }, { "x":132, "y":113 } ],
					[ { "x":142, "y":117 }, { "x":153, "y":117 }, { "x":164, "y":112 }, { "x":167, "y":96 }, { "x":133, "y":83 }, { "x":130, "y":89 }, { "x":130, "y":96 } ],
					[ { "x":167, "y":88 }, { "x":164, "y":84 }, { "x":128, "y":77 }, { "x":133, "y":83 }, { "x":167, "y":96 } ],
					[ { "x":131, "y":83 }, { "x":133, "y":83 }, { "x":128, "y":77 } ]
				]
			},
			{
				"label": "",
				"isSensor": false,
				"vertices": [
					[ { "x":197, "y":119 }, { "x":196, "y":117 }, { "x":195, "y":119 } ],
					[ { "x":190, "y":115 }, { "x":196, "y":116 }, { "x":191, "y":110 } ],
					[ { "x":185, "y":106 }, { "x":191, "y":110 }, { "x":191, "y":96 }, { "x":188, "y":96 }, { "x":185, "y":99 } ],
					[ { "x":230, "y":82 }, { "x":231, "y":79 }, { "x":230, "y":71 }, { "x":227, "y":67 }, { "x":219, "y":64 }, { "x":205, "y":64 }, { "x":186, "y":71 }, { "x":226, "y":83 } ],
					[ { "x":193, "y":64 }, { "x":186, "y":71 }, { "x":205, "y":64 } ],
					[ { "x":225, "y":114 }, { "x":225, "y":111 }, { "x":202, "y":116 }, { "x":220, "y":117 } ],
					[ { "x":231, "y":100 }, { "x":228, "y":96 }, { "x":202, "y":116 }, { "x":225, "y":111 }, { "x":229, "y":109 }, { "x":231, "y":106 } ],
					[ { "x":191, "y":110 }, { "x":196, "y":116 }, { "x":202, "y":116 }, { "x":226, "y":86 }, { "x":226, "y":83 }, { "x":194, "y":84 }, { "x":191, "y":88 } ],
					[ { "x":228, "y":87 }, { "x":226, "y":86 }, { "x":202, "y":116 }, { "x":228, "y":96 } ],
					[ { "x":186, "y":75 }, { "x":194, "y":84 }, { "x":226, "y":83 }, { "x":186, "y":71 } ],
					[ { "x":195, "y":119 }, { "x":196, "y":117 }, { "x":196, "y":116 } ],
					[ { "x":196, "y":117 }, { "x":202, "y":116 }, { "x":196, "y":116 } ]
				]
			},
			{
				"label": "",
				"isSensor": false,
				"vertices": [
					[ { "x":286, "y":75 }, { "x":286, "y":70 }, { "x":283, "y":65 }, { "x":276, "y":62 }, { "x":267, "y":64 }, { "x":283, "y":76 } ],
					[ { "x":287, "y":98 }, { "x":282, "y":95 }, { "x":247, "y":109 }, { "x":248, "y":114 }, { "x":251, "y":116 }, { "x":282, "y":109 }, { "x":287, "y":106 } ],
					[ { "x":282, "y":114 }, { "x":282, "y":109 }, { "x":251, "y":116 }, { "x":279, "y":116 } ],
					[ { "x":243, "y":81 }, { "x":248, "y":83 }, { "x":278, "y":83 }, { "x":267, "y":64 }, { "x":261, "y":63 }, { "x":253, "y":63 }, { "x":246, "y":66 }, { "x":243, "y":70 } ],
					[ { "x":242, "y":105 }, { "x":245, "y":109 }, { "x":247, "y":109 }, { "x":282, "y":95 }, { "x":278, "y":83 }, { "x":245, "y":95 }, { "x":242, "y":99 } ],
					[ { "x":283, "y":79 }, { "x":283, "y":76 }, { "x":267, "y":64 }, { "x":278, "y":83 } ],
					[ { "x":245, "y":87 }, { "x":245, "y":95 }, { "x":278, "y":83 }, { "x":248, "y":83 } ],
					[ { "x":281, "y":87 }, { "x":278, "y":83 }, { "x":282, "y":95 } ]
				]
			},
			{
				"label": "",
				"isSensor": false,
				"vertices": [
					[ { "x":282, "y":48 }, { "x":282, "y":36 }, { "x":281, "y":21 }, { "x":263, "y":3 }, { "x":259, "y":1 }, { "x":243, "y":8 }, { "x":249, "y":21 }, { "x":274, "y":54 } ],
					[ { "x":248, "y":56 }, { "x":251, "y":59 }, { "x":264, "y":61 }, { "x":248, "y":51 } ],
					[ { "x":245, "y":18 }, { "x":249, "y":21 }, { "x":245, "y":15 } ],
					[ { "x":285, "y":19 }, { "x":286, "y":16 }, { "x":284, "y":7 }, { "x":279, "y":3 }, { "x":272, "y":1 }, { "x":263, "y":3 }, { "x":281, "y":21 } ],
					[ { "x":240, "y":5 }, { "x":240, "y":17 }, { "x":242, "y":12 }, { "x":243, "y":8 } ],
					[ { "x":244, "y":4 }, { "x":243, "y":8 }, { "x":259, "y":1 }, { "x":250, "y":1 } ],
					[ { "x":246, "y":51 }, { "x":248, "y":51 }, { "x":244, "y":39 }, { "x":244, "y":47 } ],
					[ { "x":245, "y":29 }, { "x":246, "y":37 }, { "x":269, "y":54 }, { "x":248, "y":27 } ],
					[ { "x":248, "y":51 }, { "x":264, "y":61 }, { "x":267, "y":59 }, { "x":269, "y":54 }, { "x":246, "y":37 }, { "x":244, "y":39 } ],
					[ { "x":284, "y":34 }, { "x":284, "y":28 }, { "x":281, "y":21 }, { "x":282, "y":36 } ],
					[ { "x":248, "y":27 }, { "x":269, "y":54 }, { "x":274, "y":54 }, { "x":249, "y":21 } ],
					[ { "x":242, "y":12 }, { "x":245, "y":15 }, { "x":243, "y":8 } ],
					[ { "x":245, "y":15 }, { "x":249, "y":21 }, { "x":243, "y":8 } ]
				]
			}
		]
	},
	"CookAwayAnimation": {
		"type": "fromPhysicsEditor",
		"label": "CookAwayAnimation",
		"isStatic": false,
		"density": 0.10000000149011612,
		"restitution": 0,
		"friction": 0.10000000149011612,
		"frictionAir": 0.009999999776482582,
		"frictionStatic": 0.5,
		"collisionFilter": {
			"group": 0,
			"category": 1,
			"mask": 255
		},
		"fixtures": [
			{
				"label": "",
				"isSensor": false,
				"vertices": [
					[ { "x":14, "y":59 }, { "x":13, "y":57 }, { "x":12, "y":59 } ],
					[ { "x":7, "y":55 }, { "x":13, "y":56 }, { "x":8, "y":50 } ],
					[ { "x":2, "y":46 }, { "x":8, "y":50 }, { "x":8, "y":36 }, { "x":5, "y":36 }, { "x":2, "y":39 } ],
					[ { "x":47, "y":22 }, { "x":48, "y":19 }, { "x":47, "y":11 }, { "x":44, "y":7 }, { "x":36, "y":4 }, { "x":22, "y":4 }, { "x":3, "y":11 }, { "x":43, "y":23 } ],
					[ { "x":10, "y":4 }, { "x":3, "y":11 }, { "x":22, "y":4 } ],
					[ { "x":42, "y":54 }, { "x":42, "y":51 }, { "x":19, "y":56 }, { "x":37, "y":57 } ],
					[ { "x":48, "y":40 }, { "x":45, "y":36 }, { "x":19, "y":56 }, { "x":42, "y":51 }, { "x":46, "y":49 }, { "x":48, "y":46 } ],
					[ { "x":8, "y":50 }, { "x":13, "y":56 }, { "x":19, "y":56 }, { "x":43, "y":26 }, { "x":43, "y":23 }, { "x":11, "y":24 }, { "x":8, "y":28 } ],
					[ { "x":45, "y":27 }, { "x":43, "y":26 }, { "x":19, "y":56 }, { "x":45, "y":36 } ],
					[ { "x":3, "y":15 }, { "x":11, "y":24 }, { "x":43, "y":23 }, { "x":3, "y":11 } ],
					[ { "x":12, "y":59 }, { "x":13, "y":57 }, { "x":13, "y":56 } ],
					[ { "x":13, "y":57 }, { "x":19, "y":56 }, { "x":13, "y":56 } ]
				]
			},
			{
				"label": "",
				"isSensor": false,
				"vertices": [
					[ { "x":103, "y":15 }, { "x":103, "y":10 }, { "x":100, "y":5 }, { "x":93, "y":2 }, { "x":84, "y":4 }, { "x":100, "y":16 } ],
					[ { "x":66, "y":55 }, { "x":72, "y":57 }, { "x":96, "y":56 }, { "x":99, "y":49 }, { "x":99, "y":35 }, { "x":95, "y":23 }, { "x":62, "y":35 }, { "x":64, "y":49 } ],
					[ { "x":104, "y":46 }, { "x":104, "y":38 }, { "x":99, "y":35 }, { "x":99, "y":49 } ],
					[ { "x":61, "y":22 }, { "x":65, "y":23 }, { "x":62, "y":9 }, { "x":60, "y":10 }, { "x":59, "y":18 } ],
					[ { "x":99, "y":54 }, { "x":99, "y":49 }, { "x":96, "y":56 } ],
					[ { "x":59, "y":45 }, { "x":62, "y":49 }, { "x":64, "y":49 }, { "x":62, "y":35 }, { "x":59, "y":39 } ],
					[ { "x":100, "y":19 }, { "x":100, "y":16 }, { "x":84, "y":4 }, { "x":70, "y":3 }, { "x":62, "y":7 }, { "x":62, "y":9 }, { "x":65, "y":23 }, { "x":95, "y":23 } ],
					[ { "x":62, "y":27 }, { "x":62, "y":35 }, { "x":95, "y":23 }, { "x":65, "y":23 } ],
					[ { "x":98, "y":27 }, { "x":95, "y":23 }, { "x":99, "y":35 } ]
				]
			}
		]
	},
	"Onion_Animation2331": {
		"type": "fromPhysicsEditor",
		"label": "Onion_Animation2331",
		"isStatic": false,
		"density": 0.10000000149011612,
		"restitution": 0,
		"friction": 0.10000000149011612,
		"frictionAir": 0.009999999776482582,
		"frictionStatic": 0.5,
		"collisionFilter": {
			"group": 0,
			"category": 1,
			"mask": 255
		},
		"fixtures": [
			{
				"label": "",
				"isSensor": false,
				"vertices": [
					[ { "x":18, "y":7 }, { "x":18, "y":5 }, { "x":14, "y":5 }, { "x":16, "y":7 } ],
					[ { "x":12, "y":1 }, { "x":11, "y":3 }, { "x":14, "y":5 }, { "x":14, "y":1 } ],
					[ { "x":16, "y":7 }, { "x":14, "y":5 }, { "x":11, "y":3 }, { "x":8, "y":8 }, { "x":8, "y":11 }, { "x":15, "y":10 } ],
					[ { "x":6, "y":0 }, { "x":5, "y":5 }, { "x":8, "y":8 }, { "x":11, "y":3 }, { "x":9, "y":0 } ],
					[ { "x":1, "y":25 }, { "x":6, "y":29 }, { "x":12, "y":30 }, { "x":19, "y":29 }, { "x":22, "y":26 }, { "x":8, "y":11 }, { "x":5, "y":12 }, { "x":1, "y":17 } ],
					[ { "x":15, "y":10 }, { "x":8, "y":11 }, { "x":22, "y":26 }, { "x":22, "y":19 } ]
				]
			},
			{
				"label": "",
				"isSensor": false,
				"vertices": [
					[ { "x":30, "y":0 }, { "x":29, "y":5 }, { "x":32, "y":11 }, { "x":34, "y":3 } ],
					[ { "x":36, "y":0 }, { "x":36, "y":2 }, { "x":38, "y":5 }, { "x":38, "y":0 } ],
					[ { "x":41, "y":5 }, { "x":38, "y":5 }, { "x":32, "y":11 }, { "x":39, "y":8 }, { "x":41, "y":7 } ],
					[ { "x":36, "y":2 }, { "x":34, "y":3 }, { "x":32, "y":11 }, { "x":38, "y":5 } ],
					[ { "x":39, "y":8 }, { "x":32, "y":11 }, { "x":39, "y":12 } ],
					[ { "x":24, "y":18 }, { "x":24, "y":25 }, { "x":27, "y":29 }, { "x":30, "y":30 }, { "x":46, "y":20 }, { "x":42, "y":13 }, { "x":32, "y":11 }, { "x":30, "y":11 } ],
					[ { "x":42, "y":30 }, { "x":46, "y":25 }, { "x":46, "y":20 }, { "x":30, "y":30 } ],
					[ { "x":39, "y":12 }, { "x":32, "y":11 }, { "x":42, "y":13 } ]
				]
			},
			{
				"label": "",
				"isSensor": false,
				"vertices": [
					[ { "x":52, "y":5 }, { "x":52, "y":8 }, { "x":55, "y":11 }, { "x":55, "y":5 } ],
					[ { "x":64, "y":1 }, { "x":60, "y":1 }, { "x":58, "y":3 }, { "x":55, "y":11 }, { "x":61, "y":11 }, { "x":64, "y":6 } ],
					[ { "x":57, "y":1 }, { "x":55, "y":1 }, { "x":55, "y":11 }, { "x":58, "y":3 } ],
					[ { "x":69, "y":26 }, { "x":69, "y":19 }, { "x":61, "y":11 }, { "x":50, "y":15 }, { "x":47, "y":21 }, { "x":47, "y":25 }, { "x":51, "y":30 }, { "x":64, "y":30 } ],
					[ { "x":55, "y":11 }, { "x":50, "y":15 }, { "x":61, "y":11 } ]
				]
			},
			{
				"label": "",
				"isSensor": false,
				"vertices": [
					[ { "x":15, "y":32 }, { "x":11, "y":34 }, { "x":9, "y":42 }, { "x":7, "y":61 }, { "x":15, "y":42 } ],
					[ { "x":6, "y":32 }, { "x":6, "y":37 }, { "x":9, "y":42 }, { "x":11, "y":34 }, { "x":10, "y":32 } ],
					[ { "x":18, "y":36 }, { "x":15, "y":36 }, { "x":15, "y":42 } ],
					[ { "x":22, "y":58 }, { "x":23, "y":52 }, { "x":20, "y":46 }, { "x":15, "y":42 }, { "x":7, "y":61 }, { "x":18, "y":61 } ],
					[ { "x":1, "y":49 }, { "x":1, "y":56 }, { "x":4, "y":60 }, { "x":7, "y":61 }, { "x":9, "y":42 }, { "x":6, "y":43 } ]
				]
			},
			{
				"label": "",
				"isSensor": false,
				"vertices": [
					[ { "x":41, "y":34 }, { "x":34, "y":34 }, { "x":32, "y":36 }, { "x":31, "y":42 }, { "x":38, "y":42 }, { "x":41, "y":36 } ],
					[ { "x":28, "y":36 }, { "x":31, "y":42 }, { "x":32, "y":36 } ],
					[ { "x":34, "y":32 }, { "x":32, "y":31 }, { "x":32, "y":36 }, { "x":34, "y":34 } ],
					[ { "x":24, "y":57 }, { "x":30, "y":61 }, { "x":39, "y":61 }, { "x":46, "y":55 }, { "x":45, "y":48 }, { "x":38, "y":42 }, { "x":27, "y":47 }, { "x":24, "y":50 } ],
					[ { "x":40, "y":31 }, { "x":34, "y":34 }, { "x":39, "y":34 } ],
					[ { "x":44, "y":59 }, { "x":46, "y":55 }, { "x":39, "y":61 } ],
					[ { "x":31, "y":42 }, { "x":27, "y":45 }, { "x":27, "y":47 }, { "x":38, "y":42 } ]
				]
			},
			{
				"label": "",
				"isSensor": false,
				"vertices": [
					[ { "x":55, "y":32 }, { "x":55, "y":36 }, { "x":59, "y":33 } ],
					[ { "x":64, "y":31 }, { "x":61, "y":31 }, { "x":59, "y":33 }, { "x":47, "y":55 }, { "x":61, "y":41 }, { "x":64, "y":36 } ],
					[ { "x":52, "y":35 }, { "x":54, "y":42 }, { "x":55, "y":36 } ],
					[ { "x":69, "y":54 }, { "x":68, "y":47 }, { "x":61, "y":41 }, { "x":47, "y":55 }, { "x":51, "y":60 }, { "x":63, "y":60 } ],
					[ { "x":55, "y":36 }, { "x":54, "y":42 }, { "x":59, "y":33 } ],
					[ { "x":50, "y":45 }, { "x":47, "y":51 }, { "x":47, "y":55 }, { "x":54, "y":42 } ]
				]
			}
		]
	},
	"Door_bak": {
		"type": "fromPhysicsEditor",
		"label": "Door_bak",
		"isStatic": false,
		"density": 0.10000000149011612,
		"restitution": 0,
		"friction": 0.10000000149011612,
		"frictionAir": 0.009999999776482582,
		"frictionStatic": 0.5,
		"collisionFilter": {
			"group": 0,
			"category": 1,
			"mask": 255
		},
		"fixtures": [
			{
				"label": "",
				"isSensor": false,
				"vertices": [
					[ { "x":19, "y":29 }, { "x":19, "y":0 }, { "x":17, "y":0 }, { "x":17, "y":28 } ]
				]
			},
			{
				"label": "",
				"isSensor": false,
				"vertices": [
					[ { "x":27, "y":32 }, { "x":33, "y":32 }, { "x":27, "y":26 } ],
					[ { "x":34, "y":0 }, { "x":27, "y":0 }, { "x":26, "y":20 }, { "x":33, "y":3 } ],
					[ { "x":33, "y":3 }, { "x":26, "y":20 }, { "x":27, "y":26 }, { "x":33, "y":32 } ],
					[ { "x":27, "y":26 }, { "x":26, "y":20 }, { "x":25, "y":29 } ],
					[ { "x":25, "y":0 }, { "x":25, "y":29 }, { "x":26, "y":20 } ]
				]
			},
			{
				"label": "",
				"isSensor": false,
				"vertices": [
					[ { "x":62, "y":11 }, { "x":58, "y":9 }, { "x":59, "y":13 } ],
					[ { "x":48, "y":0 }, { "x":48, "y":7 }, { "x":53, "y":22 }, { "x":55, "y":24 }, { "x":59, "y":13 }, { "x":58, "y":9 }, { "x":55, "y":0 } ],
					[ { "x":65, "y":32 }, { "x":65, "y":27 }, { "x":59, "y":13 }, { "x":55, "y":24 }, { "x":57, "y":32 } ],
					[ { "x":52, "y":28 }, { "x":56, "y":28 }, { "x":55, "y":27 } ],
					[ { "x":55, "y":27 }, { "x":56, "y":28 }, { "x":55, "y":24 } ]
				]
			},
			{
				"label": "",
				"isSensor": false,
				"vertices": [
					[ { "x":95, "y":30 }, { "x":94, "y":26 }, { "x":70, "y":16 }, { "x":65, "y":17 }, { "x":89, "y":30 } ],
					[ { "x":66, "y":15 }, { "x":65, "y":17 }, { "x":70, "y":16 } ],
					[ { "x":77, "y":16 }, { "x":70, "y":16 }, { "x":75, "y":18 } ]
				]
			},
			{
				"label": "",
				"isSensor": false,
				"vertices": [
					[ { "x":127, "y":27 }, { "x":123, "y":26 }, { "x":96, "y":27 }, { "x":97, "y":31 }, { "x":126, "y":31 } ]
				]
			}
		]
	}
}
