{
	"generator_info": "Shape definitions generated with PhysicsEditor. Visit https://www.codeandweb.com/physicseditor",
	"pot32": {
		"type": "fromPhysicsEditor",
		"label": "Potato",
		"isStatic": false,
		"density": 0.1,
		"restitution": 0,
		"friction": 0.1,
		"frictionAir": 0.01,
		"frictionStatic": 0.5,
		"collisionFilter": {
			"group": 1,
			"category": 1,
			"mask": 255
		},
		"fixtures": [
			{
				"label": "",
				"isSensor": false,
				"vertices": [
					[ { "x":5, "y":4 }, { "x":2, "y":10 }, { "x":1, "y":23 }, { "x":7, "y":29 }, { "x":14, "y":29 }, { "x":19, "y":13 }, { "x":19, "y":8 }, { "x":16, "y":4 } ],
					[ { "x":3, "y":27 }, { "x":7, "y":29 }, { "x":1, "y":23 } ],
					[ { "x":19, "y":25 }, { "x":19, "y":13 }, { "x":14, "y":29 } ]
				]
			}
		]
	},
	"Door_bak": {
		"type": "fromPhysicsEditor",
		"label": "door",
		"isStatic": false,
		"density": 0.10000000149011612,
		"restitution": 0,
		"friction": 0.10000000149011612,
		"frictionAir": 0.009999999776482582,
		"frictionStatic": 0.5,
		"collisionFilter": {
			"group": 0,
			"category": 1,
			"mask": 255
		},
		"fixtures": [
			{
				"label": "",
				"isSensor": false,
				"vertices": [
					[ { "x":31, "y":31 }, { "x":31, "y":1 }, { "x":28, "y":1 }, { "x":28, "y":30 } ]
				]
			}
		]
	},
	"Onion_Animation": {
		"type": "fromPhysicsEditor",
		"label": "onion",
		"isStatic": false,
		"density": 0.10000000149011612,
		"restitution": 0,
		"friction": 0.10000000149011612,
		"frictionAir": 0.009999999776482582,
		"frictionStatic": 0.5,
		"collisionFilter": {
			"group": 0,
			"category": 1,
			"mask": 255
		},
		"fixtures": [
			{
				"label": "",
				"isSensor": false,
				"vertices": [
					[ { "x":17, "y":5 }, { "x":13, "y":6 }, { "x":14, "y":10 } ],
					[ { "x":14, "y":2 }, { "x":11, "y":4 }, { "x":13, "y":6 } ],
					[ { "x":7, "y":1 }, { "x":9, "y":5 }, { "x":11, "y":4 }, { "x":9, "y":1 } ],
					[ { "x":11, "y":4 }, { "x":9, "y":5 }, { "x":9, "y":11 }, { "x":14, "y":10 }, { "x":13, "y":6 } ],
					[ { "x":7, "y":3 }, { "x":6, "y":4 }, { "x":9, "y":8 }, { "x":9, "y":5 } ],
					[ { "x":1, "y":19 }, { "x":3, "y":26 }, { "x":6, "y":28 }, { "x":14, "y":10 }, { "x":9, "y":11 } ],
					[ { "x":21, "y":26 }, { "x":21, "y":19 }, { "x":14, "y":10 }, { "x":6, "y":28 }, { "x":17, "y":29 } ]
				]
			}
		]
	},
	"Tomato_Animation3245": {
		"type": "fromPhysicsEditor",
		"label": "tomato",
		"isStatic": false,
		"density": 0.10000000149011612,
		"restitution": 0,
		"friction": 0.10000000149011612,
		"frictionAir": 0.009999999776482582,
		"frictionStatic": 0.5,
		"collisionFilter": {
			"group": 0,
			"category": 1,
			"mask": 255
		},
		"fixtures": [
			{
				"label": "",
				"isSensor": false,
				"vertices": [
					[ { "x":15, "y":8 }, { "x":16, "y":11 }, { "x":18, "y":11 }, { "x":17, "y":8 } ],
					[ { "x":22, "y":11 }, { "x":16, "y":11 }, { "x":9, "y":14 }, { "x":23, "y":14 } ],
					[ { "x":12, "y":11 }, { "x":9, "y":14 }, { "x":16, "y":11 } ],
					[ { "x":5, "y":15 }, { "x":1, "y":22 }, { "x":1, "y":28 }, { "x":3, "y":33 }, { "x":25, "y":38 }, { "x":23, "y":14 }, { "x":9, "y":14 } ],
					[ { "x":27, "y":15 }, { "x":23, "y":14 }, { "x":25, "y":38 }, { "x":29, "y":35 }, { "x":31, "y":31 }, { "x":31, "y":20 } ],
					[ { "x":10, "y":38 }, { "x":25, "y":38 }, { "x":3, "y":33 } ]
				]
			}
		]
	},
	"spill32": {
		"type": "fromPhysicsEditor",
		"label": "spill",
		"isStatic": false,
		"density": 0.10000000149011612,
		"restitution": 0,
		"friction": 0.10000000149011612,
		"frictionAir": 0.009999999776482582,
		"frictionStatic": 0.5,
		"collisionFilter": {
			"group": 0,
			"category": 1,
			"mask": 255
		},
		"fixtures": [
			{
				"label": "",
				"isSensor": false,
				"vertices": [
					[ { "x":29, "y":22 }, { "x":28, "y":18 }, { "x":25, "y":23 } ],
					[ { "x":17, "y":30 }, { "x":21, "y":28 }, { "x":24, "y":25 }, { "x":25, "y":23 }, { "x":15, "y":26 } ],
					[ { "x":30, "y":3 }, { "x":27, "y":4 }, { "x":28, "y":18 }, { "x":31, "y":6 } ],
					[ { "x":35, "y":18 }, { "x":35, "y":12 }, { "x":34, "y":8 }, { "x":31, "y":6 }, { "x":28, "y":18 } ],
					[ { "x":27, "y":1 }, { "x":25, "y":1 }, { "x":22, "y":5 }, { "x":27, "y":4 } ],
					[ { "x":36, "y":9 }, { "x":34, "y":8 }, { "x":35, "y":12 } ],
					[ { "x":22, "y":31 }, { "x":26, "y":31 }, { "x":27, "y":29 }, { "x":24, "y":27 }, { "x":21, "y":28 } ],
					[ { "x":26, "y":27 }, { "x":24, "y":27 }, { "x":27, "y":29 } ],
					[ { "x":32, "y":4 }, { "x":31, "y":6 }, { "x":34, "y":8 }, { "x":34, "y":4 } ],
					[ { "x":24, "y":27 }, { "x":24, "y":25 }, { "x":21, "y":28 } ],
					[ { "x":9, "y":10 }, { "x":6, "y":22 }, { "x":9, "y":25 }, { "x":15, "y":26 }, { "x":25, "y":23 }, { "x":28, "y":18 }, { "x":16, "y":9 } ],
					[ { "x":21, "y":2 }, { "x":16, "y":9 }, { "x":22, "y":5 } ],
					[ { "x":27, "y":4 }, { "x":22, "y":5 }, { "x":16, "y":9 }, { "x":28, "y":18 } ]
				]
			}
		]
	},
	"crack": {
		"type": "fromPhysicsEditor",
		"label": "crack",
		"isStatic": false,
		"density": 0.10000000149011612,
		"restitution": 0,
		"friction": 0.10000000149011612,
		"frictionAir": 0.009999999776482582,
		"frictionStatic": 0.5,
		"collisionFilter": {
			"group": 0,
			"category": 1,
			"mask": 255
		},
		"fixtures": [
			{
				"label": "",
				"isSensor": false,
				"vertices": [
					[ { "x":23, "y":4 }, { "x":21, "y":7 }, { "x":25, "y":10 } ],
					[ { "x":29, "y":20 }, { "x":30, "y":15 }, { "x":28, "y":10 }, { "x":25, "y":10 }, { "x":5, "y":16 }, { "x":22, "y":20 } ],
					[ { "x":1, "y":11 }, { "x":1, "y":15 }, { "x":3, "y":14 } ],
					[ { "x":1, "y":15 }, { "x":5, "y":16 }, { "x":3, "y":14 } ],
					[ { "x":29, "y":29 }, { "x":29, "y":26 }, { "x":25, "y":23 }, { "x":24, "y":25 } ],
					[ { "x":3, "y":14 }, { "x":5, "y":16 }, { "x":25, "y":10 }, { "x":21, "y":7 }, { "x":15, "y":8 }, { "x":7, "y":10 } ],
					[ { "x":10, "y":25 }, { "x":21, "y":23 }, { "x":22, "y":20 }, { "x":5, "y":16 }, { "x":5, "y":20 } ],
					[ { "x":6, "y":8 }, { "x":7, "y":10 }, { "x":15, "y":8 }, { "x":12, "y":6 } ],
					[ { "x":12, "y":4 }, { "x":12, "y":6 }, { "x":15, "y":8 } ],
					[ { "x":24, "y":25 }, { "x":25, "y":23 }, { "x":25, "y":20 }, { "x":24, "y":20 } ],
					[ { "x":9, "y":27 }, { "x":10, "y":25 }, { "x":2, "y":25 }, { "x":4, "y":27 } ],
					[ { "x":4, "y":29 }, { "x":4, "y":27 }, { "x":2, "y":25 } ]
				]
			}
		]
	},
	"Cookwalk": {
		"type": "fromPhysicsEditor",
		"label": "Cookwalk",
		"isStatic": false,
		"density": 0.10000000149011612,
		"restitution": 0,
		"friction": 0.10000000149011612,
		"frictionAir": 0.009999999776482582,
		"frictionStatic": 0.5,
		"collisionFilter": {
			"group": 0,
			"category": 1,
			"mask": 255
		},
		"fixtures": [
			{
				"label": "",
				"isSensor": false,
				"vertices": [
					[ { "x":28, "y":58 }, { "x":35, "y":59 }, { "x":40, "y":56 }, { "x":40, "y":52 }, { "x":30, "y":53 } ],
					[ { "x":53, "y":20 }, { "x":53, "y":12 }, { "x":50, "y":8 }, { "x":45, "y":7 }, { "x":47, "y":21 } ],
					[ { "x":14, "y":53 }, { "x":14, "y":56 }, { "x":21, "y":57 }, { "x":16, "y":53 } ],
					[ { "x":13, "y":32 }, { "x":15, "y":34 }, { "x":16, "y":30 }, { "x":14, "y":30 } ],
					[ { "x":50, "y":46 }, { "x":45, "y":7 }, { "x":15, "y":37 }, { "x":30, "y":53 }, { "x":40, "y":52 }, { "x":45, "y":51 } ],
					[ { "x":16, "y":53 }, { "x":21, "y":57 }, { "x":24, "y":56 }, { "x":26, "y":53 }, { "x":17, "y":50 } ],
					[ { "x":12, "y":45 }, { "x":15, "y":50 }, { "x":17, "y":50 }, { "x":15, "y":37 }, { "x":13, "y":39 } ],
					[ { "x":10, "y":14 }, { "x":14, "y":17 }, { "x":43, "y":5 }, { "x":17, "y":5 }, { "x":13, "y":7 }, { "x":10, "y":11 } ],
					[ { "x":51, "y":28 }, { "x":47, "y":21 }, { "x":49, "y":37 }, { "x":51, "y":36 } ],
					[ { "x":14, "y":19 }, { "x":19, "y":22 }, { "x":43, "y":5 }, { "x":14, "y":17 } ],
					[ { "x":17, "y":24 }, { "x":15, "y":37 }, { "x":45, "y":7 }, { "x":43, "y":5 }, { "x":19, "y":22 } ],
					[ { "x":17, "y":50 }, { "x":26, "y":53 }, { "x":30, "y":53 }, { "x":15, "y":37 } ],
					[ { "x":15, "y":34 }, { "x":15, "y":37 }, { "x":16, "y":30 } ]
				]
			}
		]
	}
}
